[
  {
    "id": "75969075-2c89-41f2-9c6c-d067bf9fcaa9",
    "data": [
      {
        "text": "hmm ok",
        "userDefined": false
      }
    ],
    "isTemplate": false,
    "count": 0,
    "updated": 1530208992
  },
  {
    "id": "21aebbdf-1f1c-44d4-b7a1-f040c76491a4",
    "data": [
      {
        "text": "hmm",
        "userDefined": false
      }
    ],
    "isTemplate": false,
    "count": 0,
    "updated": 1530208992
  },
  {
    "id": "c438a94c-194e-4221-9aad-9727df0f4ab2",
    "data": [
      {
        "text": "okay",
        "userDefined": false
      }
    ],
    "isTemplate": false,
    "count": 0,
    "updated": 1530208992
  },
  {
    "id": "160a3b02-7bb1-42bb-aa04-60b3e179ccd8",
    "data": [
      {
        "text": "of course",
        "userDefined": false
      }
    ],
    "isTemplate": false,
    "count": 0,
    "updated": 1530208992
  },
  {
    "id": "c8475a47-77b7-4251-95e8-980acd0f0621",
    "data": [
      {
        "text": "I don\u0027t mind",
        "userDefined": false
      }
    ],
    "isTemplate": false,
    "count": 0,
    "updated": 1530208992
  },
  {
    "id": "f2dd093c-d991-4402-acdc-e324b95c3b22",
    "data": [
      {
        "text": "do it",
        "userDefined": false
      }
    ],
    "isTemplate": false,
    "count": 1,
    "updated": 1530208992
  },
  {
    "id": "29c49af2-9fbe-43f0-9b24-43c606644bec",
    "data": [
      {
        "text": "ok",
        "userDefined": false
      }
    ],
    "isTemplate": false,
    "count": 0,
    "updated": 1530208992
  },
  {
    "id": "89865f21-18b3-4b88-af37-47a4de5cea22",
    "data": [
      {
        "text": "sounds good",
        "userDefined": false
      }
    ],
    "isTemplate": false,
    "count": 0,
    "updated": 1530208992
  },
  {
    "id": "0ac30f1c-7f26-4591-84e9-7095a9e51471",
    "data": [
      {
        "text": "confirm",
        "userDefined": false
      }
    ],
    "isTemplate": false,
    "count": 1,
    "updated": 1530208992
  },
  {
    "id": "f3ce622c-09b8-4f0d-8b4b-53b621423546",
    "data": [
      {
        "text": "that\u0027s correct",
        "userDefined": false
      }
    ],
    "isTemplate": false,
    "count": 0,
    "updated": 1530208992
  },
  {
    "id": "9ab063a7-7365-4220-96f3-bc30a04a962f",
    "data": [
      {
        "text": "I agree",
        "userDefined": false
      }
    ],
    "isTemplate": false,
    "count": 1,
    "updated": 1530208992
  },
  {
    "id": "8185b5ed-fddc-40cd-87b8-a3fc70c49460",
    "data": [
      {
        "text": "yes",
        "userDefined": false
      }
    ],
    "isTemplate": false,
    "count": 0,
    "updated": 1530208992
  },
  {
    "id": "b55cfa7e-7939-4db6-8f3a-c27abd1dfc78",
    "data": [
      {
        "text": "exactly",
        "userDefined": false
      }
    ],
    "isTemplate": false,
    "count": 0,
    "updated": 1530208992
  },
  {
    "id": "a79552d9-e44f-4868-9f6c-c646bae7e415",
    "data": [
      {
        "text": "sure",
        "userDefined": false
      }
    ],
    "isTemplate": false,
    "count": 2,
    "updated": 1530208992
  }
]